Workbook

Sheet Start Here
A1: TRADE RECONCILIATION MODEL — START HERE
A3: Purpose | B3: Compare internal trade records against broker records and identify discrepancies (called breaks).
A4: Workflow | B4: Review the two source tabs; match using Trade ID; compare quantity and price; classify breaks; summarise findings and next actions.
A5: Skills | B5: XLOOKUP, IF, IFERROR, COUNTIF, AND, OR, conditional formatting, PivotTables.
A6: Business context | B6: Trade reconciliation checks whether two systems recorded the same transaction correctly.
A7: Break types | B7: Missing at broker; missing internally; quantity mismatch; price mismatch; duplicate records.
A8: Important | B8: This is synthetic practice data, not real trading data. Formulas are designed for modern Excel.
A9: PivotTable practice | B9: Select the Reconciliation data including headers → Insert → PivotTable. Put Break Type in Rows and Trade ID in Values; set Values to Count.
A10: Interview explanation | B10: I built an Excel model to compare internal and broker trade records, identify missing trades, quantity/price mismatches and duplicates, and summarise breaks with recommended actions.

Sheet Internal Trades
A1: INTERNAL TRADES
A2: Trade ID | B2: Trade Date | C2: Counterparty | D2: Ticker | E2: Side | F2: Quantity | G2: Price
A3: T1001 | B3: 2026-10-20 | C3: ABC Bank | D3: AAPL | E3: BUY | F3: 100 | G3: 225.5
A4: T1002 | B4: 2026-10-20 | C4: ABC Bank | D4: MSFT | E4: SELL | F4: 50 | G4: 510
A5: T1003 | B5: 2026-10-20 | C5: ABC Bank | D5: NVDA | E5: BUY | F5: 40 | G5: 182.25
A6: T1004 | B6: 2026-10-21 | C6: ABC Bank | D6: AMZN | E6: BUY | F6: 25 | G6: 221.1
A7: T1005 | B7: 2026-10-21 | C7: ABC Bank | D7: TSLA | E7: SELL | F7: 30 | G7: 445
A8: T1006 | B8: 2026-10-21 | C8: ABC Bank | D8: GOOGL | E8: BUY | F8: 60 | G8: 252.4
A9: T1007 | B9: 2026-10-22 | C9: ABC Bank | D9: META | E9: BUY | F9: 20 | G9: 715.2
A10: T1008 | B10: 2026-10-22 | C10: ABC Bank | D10: ORCL | E10: SELL | F10: 75 | G10: 287.5
A11: T1009 | B11: 2026-10-22 | C11: ABC Bank | D11: AMD | E11: BUY | F11: 80 | G11: 246.3
A12: T1010 | B12: 2026-10-23 | C12: ABC Bank | D12: JPM | E12: BUY | F12: 45 | G12: 305
A13: T1011 | B13: 2026-10-23 | C13: ABC Bank | D13: NFLX | E13: SELL | F13: 10 | G13: 1190
A14: T1012 | B14: 2026-10-23 | C14: ABC Bank | D14: COST | E14: BUY | F14: 15 | G14: 940
... A20: T1018 | B20: 2026-10-24 | C20: ABC Bank | D20: DIS | E20: BUY | F20: 55 | G20: 112.2

Sheet Broker Trades
A1: BROKER TRADES
A2: Trade ID | B2: Trade Date | C2: Counterparty | D2: Ticker | E2: Side | F2: Quantity | G2: Price
A3: T1001 | B3: 2026-10-20 | C3: ABC Bank | D3: AAPL | E3: BUY | F3: 100 | G3: 225.5
A4: T1002 | B4: 2026-10-20 | C4: ABC Bank | D4: MSFT | E4: SELL | F4: 50 | G4: 510
A5: T1003 | B5: 2026-10-20 | C5: ABC Bank | D5: NVDA | E5: BUY | F5: 40 | G5: 181.75
A6: T1004 | B6: 2026-10-21 | C6: ABC Bank | D6: AMZN | E6: BUY | F6: 20 | G6: 221.1
A7: T1005 | B7: 2026-10-21 | C7: ABC Bank | D7: TSLA | E7: SELL | F7: 30 | G7: 445
A8: T1006 | B8: 2026-10-21 | C8: ABC Bank | D8: GOOGL | E8: BUY | F8: 60 | G8: 252.4
A9: T1007 | B9: 2026-10-22 | C9: ABC Bank | D9: META | E9: BUY | F9: 20 | G9: 715.2
A10: T1008 | B10: 2026-10-22 | C10: ABC Bank | D10: ORCL | E10: SELL | F10: 75 | G10: 287.5
A11: T1009 | B11: 2026-10-22 | C11: ABC Bank | D11: AMD | E11: BUY | F11: 80 | G11: 246.3
A12: T1010 | B12: 2026-10-23 | C12: ABC Bank | D12: JPM | E12: BUY | F12: 45 | G12: 305
A13: T1011 | B13: 2026-10-23 | C13: ABC Bank | D13: NFLX | E13: SELL | F13: 10 | G13: 1190
A14: T1012 | B14: 2026-10-23 | C14: ABC Bank | D14: COST | E14: BUY | F14: 15 | G14: 940
... A20: T1019 | B20: 2026-10-24 | C20: ABC Bank | D20: PYPL | E20: BUY | F20: 35 | G20: 72

Sheet Reconciliation
A1: TRADE RECONCILIATION — FORMULA WORKSHEET
A2: Trade ID | B2: Internal Date | C2: Ticker | D2: Internal Qty | E2: Internal Price | F2: Broker Date | G2: Broker Qty | H2: Broker Price | I2: Break Type | J2: Qty Difference | K2: Price Difference | L2: Recommended Action
A3: T1001 | B3: =IFERROR(XLOOKUP(A3,'Internal Trades'!$A$3:$A$20,'Internal Trades'!$B$3:$B$20),"") | C3: =IFERROR(XLOOKUP(A3,'Internal Trades'!$A$3:$A$20,'Internal Trades'!$D$3:$D$20),IFERROR(XLOOKUP(A3,'Broker Trades'!$A$3:$A$20,'Broker Trades'!$D$3:$D$20),"")) | D3: =IFERROR(XLOOKUP(A3,'Internal Trades'!$A$3:$A$20,'Internal Trades'!$F$3:$F$20),"") | E3: =IFERROR(XLOOKUP(A3,'Internal Trades'!$A$3:$A$20,'Internal Trades'!$G$3:$G$20),"") | F3: =IFERROR(XLOOKUP(A3,'Broker Trades'!$A$3:$A$20,'Broker Trades'!$B$3:$B$20),"") | G3: =IFERROR(XLOOKUP(A3,'Broker Trades'!$A$3:$A$20,'Broker Trades'!$F$3:$F$20),"") | H3: =IFERROR(XLOOKUP(A3,'Broker Trades'!$A$3:$A$20,'Broker Trades'!$G$3:$G$20),"") | I3: =IF(COUNTIF('Internal Trades'!$A$3:$A$20,A3)>1,"Duplicate Internal",IF(COUNTIF('Broker Trades'!$A$3:$A$20,A3)>1,"Duplicate Broker",IF(COUNTIF('Internal Trades'!$A$3:$A$20,A3)=0,"Missing Internally",IF(COUNTIF('Broker Trades'!$A$3:$A$20,A3)=0,"Missing at Broker",IF(D3<>G3,"Quantity Mismatch",IF(ABS(E3-H3)>0.01,"Price Mismatch","Matched")))))) | J3: =IF(OR(D3="",G3=""),"",D3-G3) | K3: =IF(OR(E3="",H3=""),"",ROUND(E3-H3,2)) | L3: =IF(I3="Matched","No action - retain evidence",IF(I3="Missing at Broker","Contact broker and confirm trade",IF(I3="Missing Internally","Investigate missing internal record",IF(I3="Quantity Mismatch","Verify executed quantity",IF(I3="Price Mismatch","Verify execution price",IF(OR(I3="Duplicate Broker",I3="Duplicate Internal"),"Investigate duplicate record","Investigate break"))))))
A4: T1002 | B4: =IFERROR(XLOOKUP(A4,'Internal Trades'!$A$3:$A$20,'Internal Trades'!$B$3:$B$20),"") | C4: =IFERROR(XLOOKUP(A4,'Internal Trades'!$A$3:$A$20,'Internal Trades'!$D$3:$D$20),IFERROR(XLOOKUP(A4,'Broker Trades'!$A$3:$A$20,'Broker Trades'!$D$3:$D$20),"")) | D4: =IFERROR(XLOOKUP(A4,'Internal Trades'!$A$3:$A$20,'Internal Trades'!$F$3:$F$20),"") | E4: =IFERROR(XLOOKUP(A4,'Internal Trades'!$A$3:$A$20,'Internal Trades'!$G$3:$G$20),"") | F4: =IFERROR(XLOOKUP(A4,'Broker Trades'!$A$3:$A$20,'Broker Trades'!$B$3:$B$20),"") | G4: =IFERROR(XLOOKUP(A4,'Broker Trades'!$A$3:$A$20,'Broker Trades'!$F$3:$F$20),"") | H4: =IFERROR(XLOOKUP(A4,'Broker Trades'!$A$3:$A$20,'Broker Trades'!$G$3:$G$20),"") | I4: =IF(COUNTIF('Internal Trades'!$A$3:$A$20,A4)>1,"Duplicate Internal",IF(COUNTIF('Broker Trades'!$A$3:$A$20,A4)>1,"Duplicate Broker",IF(COUNTIF('Internal Trades'!$A$3:$A$20,A4)=0,"Missing Internally",IF(COUNTIF('Broker Trades'!$A$3:$A$20,A4)=0,"Missing at Broker",IF(D4<>G4,"Quantity Mismatch",IF(ABS(E4-H4)>0.01,"Price Mismatch","Matched")))))) | J4: =IF(OR(D4="",G4=""),"",D4-G4) | K4: =IF(OR(E4="",H4=""),"",ROUND(E4-H4,2)) | L4: =IF(I4="Matched","No action - retain evidence",IF(I4="Missing at Broker","Contact broker and confirm trade",IF(I4="Missing Internally","Investigate missing internal record",IF(I4="Quantity Mismatch","Verify executed quantity",IF(I4="Price Mismatch","Verify execution price",IF(OR(I4="Duplicate Broker",I4="Duplicate Internal"),"Investigate duplicate record","Investigate break"))))))
A5: T1003 | B5: =IFERROR(XLOOKUP(A5,'Internal Trades'!$A$3:$A$20,'Internal Trades'!$B$3:$B$20),"") | C5: =IFERROR(XLOOKUP(A5,'Internal Trades'!$A$3:$A$20,'Internal Trades'!$D$3:$D$20),IFERROR(XLOOKUP(A5,'Broker Trades'!$A$3:$A$20,'Broker Trades'!$D$3:$D$20),"")) | D5: =IFERROR(XLOOKUP(A5,'Internal Trades'!$A$3:$A$20,'Internal Trades'!$F$3:$F$20),"") | E5: =IFERROR(XLOOKUP(A5,'Internal Trades'!$A$3:$A$20,'Internal Trades'!$G$3:$G$20),"") | F5: =IFERROR(XLOOKUP(A5,'Broker Trades'!$A$3:$A$20,'Broker Trades'!$B$3:$B$20),"") | G5: =IFERROR(XLOOKUP(A5,'Broker Trades'!$A$3:$A$20,'Broker Trades'!$F$3:$F$20),"") | H5: =IFERROR(XLOOKUP(A5,'Broker Trades'!$A$3:$A$20,'Broker Trades'!$G$3:$G$20),"") | I5: =IF(COUNTIF('Internal Trades'!$A$3:$A$20,A5)>1,"Duplicate Internal",IF(COUNTIF('Broker Trades'!$A$3:$A$20,A5)>1,"Duplicate Broker",IF(COUNTIF('Internal Trades'!$A$3:$A$20,A5)=0,"Missing Internally",IF(COUNTIF('Broker Trades'!$A$3:$A$20,A5)=0,"Missing at Broker",IF(D5<>G5,"Quantity Mismatch",IF(ABS(E5-H5)>0.01,"Price Mismatch","Matched")))))) | J5: =IF(OR(D5="",G5=""),"",D5-G5) | K5: =IF(OR(E5="",H5=""),"",ROUND(E5-H5,2)) | L5: =IF(I5="Matched","No action - retain evidence",IF(I5="Missing at Broker","Contact broker and confirm trade",IF(I5="Missing Internally","Investigate missing internal record",IF(I5="Quantity Mismatch","Verify executed quantity",IF(I5="Price Mismatch","Verify execution price",IF(OR(I5="Duplicate Broker",I5="Duplicate Internal"),"Investigate duplicate record","Investigate break"))))))
A6: T1004 | B6: =IFERROR(XLOOKUP(A6,'Internal Trades'!$A$3:$A$20,'Internal Trades'!$B$3:$B$20),"") | C6: =IFERROR(XLOOKUP(A6,'Internal Trades'!$A$3:$A$20,'Internal Trades'!$D$3:$D$20),IFERROR(XLOOKUP(A6,'Broker Trades'!$A$3:$A$20,'Broker Trades'!$D$3:$D$20),"")) | D6: =IFERROR(XLOOKUP(A6,'Internal Trades'!$A$3:$A$20,'Internal Trades'!$F$3:$F$20),"") | E6: =IFERROR(XLOOKUP(A6,'Internal Trades'!$A$3:$A$20,'Internal Trades'!$G$3:$G$20),"") | F6: =IFERROR(XLOOKUP(A6,'Broker Trades'!$A$3:$A$20,'Broker Trades'!$B$3:$B$20),"") | G6: =IFERROR(XLOOKUP(A6,'Broker Trades'!$A$3:$A$20,'Broker Trades'!$F$3:$F$20),"") | H6: =IFERROR(XLOOKUP(A6,'Broker Trades'!$A$3:$A$20,'Broker Trades'!$G$3:$G$20),"") | I6: =IF(COUNTIF('Internal Trades'!$A$3:$A$20,A6)>1,"Duplicate Internal",IF(COUNTIF('Broker Trades'!$A$3:$A$20,A6)>1,"Duplicate Broker",IF(COUNTIF('Internal Trades'!$A$3:$A$20,A6)=0,"Missing Internally",IF(COUNTIF('Broker Trades'!$A$3:$A$20,A6)=0,"Missing at Broker",IF(D6<>G6,"Quantity Mismatch",IF(ABS(E6-H6)>0.01,"Price Mismatch","Matched")))))) | J6: =IF(OR(D6="",G6=""),"",D6-G6) | K6: =IF(OR(E6="",H6=""),"",ROUND(E6-H6,2)) | L6: =IF(I6="Matched","No action - retain evidence",IF(I6="Missing at Broker","Contact broker and confirm trade",IF(I6="Missing Internally","Investigate missing internal record",IF(I6="Quantity Mismatch","Verify executed quantity",IF(I6="Price Mismatch","Verify execution price",IF(OR(I6="Duplicate Broker",I6="Duplicate Internal"),"Investigate duplicate record","Investigate break"))))))
A7: T1005 | B7: =IFERROR(XLOOKUP(A7,'Internal Trades'!$A$3:$A$20,'Internal Trades'!$B$3:$B$20),"") | C7: =IFERROR(XLOOKUP(A7,'Internal Trades'!$A$3:$A$20,'Internal Trades'!$D$3:$D$20),IFERROR(XLOOKUP(A7,'Broker Trades'!$A$3:$A$20,'Broker Trades'!$D$3:$D$20),"")) | D7: =IFERROR(XLOOKUP(A7,'Internal Trades'!$A$3:$A$20,'Internal Trades'!$F$3:$F$20),"") | E7: =IFERROR(XLOOKUP(A7,'Internal Trades'!$A$3:$A$20,'Internal Trades'!$G$3:$G$20),"") | F7: =IFERROR(XLOOKUP(A7,'Broker Trades'!$A$3:$A$20,'Broker Trades'!$B$3:$B$20),"") | G7: =IFERROR(XLOOKUP(A7,'Broker Trades'!$A$3:$A$20,'Broker Trades'!$F$3:$F$20),"") | H7: =IFERROR(XLOOKUP(A7,'Broker Trades'!$A$3:$A$20,'Broker Trades'!$G$3:$G$20),"") | I7: =IF(COUNTIF('Internal Trades'!$A$3:$A$20,A7)>1,"Duplicate Internal",IF(COUNTIF('Broker Trades'!$A$3:$A$20,A7)>1,"Duplicate Broker",IF(COUNTIF('Internal Trades'!$A$3:$A$20,A7)=0,"Missing Internally",IF(COUNTIF('Broker Trades'!$A$3:$A$20,A7)=0,"Missing at Broker",IF(D7<>G7,"Quantity Mismatch",IF(ABS(E7-H7)>0.01,"Price Mismatch","Matched")))))) | J7: =IF(OR(D7="",G7=""),"",D7-G7) | K7: =IF(OR(E7="",H7=""),"",ROUND(E7-H7,2)) | L7: =IF(I7="Matched","No action - retain evidence",IF(I7="Missing at Broker","Contact broker and confirm trade",IF(I7="Missing Internally","Investigate missing internal record",IF(I7="Quantity Mismatch","Verify executed quantity",IF(I7="Price Mismatch","Verify execution price",IF(OR(I7="Duplicate Broker",I7="Duplicate Internal"),"Investigate duplicate record","Investigate break"))))))
A8: T1006 | B8: =IFERROR(XLOOKUP(A8,'Internal Trades'!$A$3:$A$20,'Internal Trades'!$B$3:$B$20),"") | C8: =IFERROR(XLOOKUP(A8,'Internal Trades'!$A$3:$A$20,'Internal Trades'!$D$3:$D$20),IFERROR(XLOOKUP(A8,'Broker Trades'!$A$3:$A$20,'Broker Trades'!$D$3:$D$20),"")) | D8: =IFERROR(XLOOKUP(A8,'Internal Trades'!$A$3:$A$20,'Internal Trades'!$F$3:$F$20),"") | E8: =IFERROR(XLOOKUP(A8,'Internal Trades'!$A$3:$A$20,'Internal Trades'!$G$3:$G$20),"") | F8: =IFERROR(XLOOKUP(A8,'Broker Trades'!$A$3:$A$20,'Broker Trades'!$B$3:$B$20),"") | G8: =IFERROR(XLOOKUP(A8,'Broker Trades'!$A$3:$A$20,'Broker Trades'!$F$3:$F$20),"") | H8: =IFERROR(XLOOKUP(A8,'Broker Trades'!$A$3:$A$20,'Broker Trades'!$G$3:$G$20),"") | I8: =IF(COUNTIF('Internal Trades'!$A$3:$A$20,A8)>1,"Duplicate Internal",IF(COUNTIF('Broker Trades'!$A$3:$A$20,A8)>1,"Duplicate Broker",IF(COUNTIF('Internal Trades'!$A$3:$A$20,A8)=0,"Missing Internally",IF(COUNTIF('Broker Trades'!$A$3:$A$20,A8)=0,"Missing at Broker",IF(D8<>G8,"Quantity Mismatch",IF(ABS(E8-H8)>0.01,"Price Mismatch","Matched")))))) | J8: =IF(OR(D8="",G8=""),"",D8-G8) | K8: =IF(OR(E8="",H8=""),"",ROUND(E8-H8,2)) | L8: =IF(I8="Matched","No action - retain evidence",IF(I8="Missing at Broker","Contact broker and confirm trade",IF(I8="Missing Internally","Investigate missing internal record",IF(I8="Quantity Mismatch","Verify executed quantity",IF(I8="Price Mismatch","Verify execution price",IF(OR(I8="Duplicate Broker",I8="Duplicate Internal"),"Investigate duplicate record","Investigate break"))))))
A9: T1007 | B9: =IFERROR(XLOOKUP(A9,'Internal Trades'!$A$3:$A$20,'Internal Trades'!$B$3:$B$20),"") | C9: =IFERROR(XLOOKUP(A9,'Internal Trades'!$A$3:$A$20,'Internal Trades'!$D$3:$D$20),IFERROR(XLOOKUP(A9,'Broker Trades'!$A$3:$A$20,'Broker Trades'!$D$3:$D$20),"")) | D9: =IFERROR(XLOOKUP(A9,'Internal Trades'!$A$3:$A$20,'Internal Trades'!$F$3:$F$20),"") | E9: =IFERROR(XLOOKUP(A9,'Internal Trades'!$A$3:$A$20,'Internal Trades'!$G$3:$G$20),"") | F9: =IFERROR(XLOOKUP(A9,'Broker Trades'!$A$3:$A$20,'Broker Trades'!$B$3:$B$20),"") | G9: =IFERROR(XLOOKUP(A9,'Broker Trades'!$A$3:$A$20,'Broker Trades'!$F$3:$F$20),"") | H9: =IFERROR(XLOOKUP(A9,'Broker Trades'!$A$3:$A$20,'Broker Trades'!$G$3:$G$20),"") | I9: =IF(COUNTIF('Internal Trades'!$A$3:$A$20,A9)>1,"Duplicate Internal",IF(COUNTIF('Broker Trades'!$A$3:$A$20,A9)>1,"Duplicate Broker",IF(COUNTIF('Internal Trades'!$A$3:$A$20,A9)=0,"Missing Internally",IF(COUNTIF('Broker Trades'!$A$3:$A$20,A9)=0,"Missing at Broker",IF(D9<>G9,"Quantity Mismatch",IF(ABS(E9-H9)>0.01,"Price Mismatch","Matched")))))) | J9: =IF(OR(D9="",G9=""),"",D9-G9) | K9: =IF(OR(E9="",H9=""),"",ROUND(E9-H9,2)) | L9: =IF(I9="Matched","No action - retain evidence",IF(I9="Missing at Broker","Contact broker and confirm trade",IF(I9="Missing Internally","Investigate missing internal record",IF(I9="Quantity Mismatch","Verify executed quantity",IF(I9="Price Mismatch","Verify execution price",IF(OR(I9="Duplicate Broker",I9="Duplicate Internal"),"Investigate duplicate record","Investigate break"))))))
A10: T1008 | B10: =IFERROR(XLOOKUP(A10,'Internal Trades'!$A$3:$A$20,'Internal Trades'!$B$3:$B$20),"") | C10: =IFERROR(XLOOKUP(A10,'Internal Trades'!$A$3:$A$20,'Internal Trades'!$D$3:$D$20),IFERROR(XLOOKUP(A10,'Broker Trades'!$A$3:$A$20,'Broker Trades'!$D$3:$D$20),"")) | D10: =IFERROR(XLOOKUP(A10,'Internal Trades'!$A$3:$A$20,'Internal Trades'!$F$3:$F$20),"") | E10: =IFERROR(XLOOKUP(A10,'Internal Trades'!$A$3:$A$20,'Internal Trades'!$G$3:$G$20),"") | F10: =IFERROR(XLOOKUP(A10,'Broker Trades'!$A$3:$A$20,'Broker Trades'!$B$3:$B$20),"") | G10: =IFERROR(XLOOKUP(A10,'Broker Trades'!$A$3:$A$20,'Broker Trades'!$F$3:$F$20),"") | H10: =IFERROR(XLOOKUP(A10,'Broker Trades'!$A$3:$A$20,'Broker Trades'!$G$3:$G$20),"") | I10: =IF(COUNTIF('Internal Trades'!$A$3:$A$20,A10)>1,"Duplicate Internal",IF(COUNTIF('Broker Trades'!$A$3:$A$20,A10)>1,"Duplicate Broker",IF(COUNTIF('Internal Trades'!$A$3:$A$20,A10)=0,"Missing Internally",IF(COUNTIF('Broker Trades'!$A$3:$A$20,A10)=0,"Missing at Broker",IF(D10<>G10,"Quantity Mismatch",IF(ABS(E10-H10)>0.01,"Price Mismatch","Matched")))))) | J10: =IF(OR(D10="",G10=""),"",D10-G10) | K10: =IF(OR(E10="",H10=""),"",ROUND(E10-H10,2)) | L10: =IF(I10="Matched","No action - retain evidence",IF(I10="Missing at Broker","Contact broker and confirm trade",IF(I10="Missing Internally","Investigate missing internal record",IF(I10="Quantity Mismatch","Verify executed quantity",IF(I10="Price Mismatch","Verify execution price",IF(OR(I10="Duplicate Broker",I10="Duplicate Internal"),"Investigate duplicate record","Investigate break"))))))
A11: T1009 | B11: =IFERROR(XLOOKUP(A11,'Internal Trades'!$A$3:$A$20,'Internal Trades'!$B$3:$B$20),"") | C11: =IFERROR(XLOOKUP(A11,'Internal Trades'!$A$3:$A$20,'Internal Trades'!$D$3:$D$20),IFERROR(XLOOKUP(A11,'Broker Trades'!$A$3:$A$20,'Broker Trades'!$D$3:$D$20),"")) | D11: =IFERROR(XLOOKUP(A11,'Internal Trades'!$A$3:$A$20,'Internal Trades'!$F$3:$F$20),"") | E11: =IFERROR(XLOOKUP(A11,'Internal Trades'!$A$3:$A$20,'Internal Trades'!$G$3:$G$20),"") | F11: =IFERROR(XLOOKUP(A11,'Broker Trades'!$A$3:$A$20,'Broker Trades'!$B$3:$B$20),"") | G11: =IFERROR(XLOOKUP(A11,'Broker Trades'!$A$3:$A$20,'Broker Trades'!$F$3:$F$20),"") | H11: =IFERROR(XLOOKUP(A11,'Broker Trades'!$A$3:$A$20,'Broker Trades'!$G$3:$G$20),"") | I11: =IF(COUNTIF('Internal Trades'!$A$3:$A$20,A11)>1,"Duplicate Internal",IF(COUNTIF('Broker Trades'!$A$3:$A$20,A11)>1,"Duplicate Broker",IF(COUNTIF('Internal Trades'!$A$3:$A$20,A11)=0,"Missing Internally",IF(COUNTIF('Broker Trades'!$A$3:$A$20,A11)=0,"Missing at Broker",IF(D11<>G11,"Quantity Mismatch",IF(ABS(E11-H11)>0.01,"Price Mismatch","Matched")))))) | J11: =IF(OR(D11="",G11=""),"",D11-G11) | K11: =IF(OR(E11="",H11=""),"",ROUND(E11-H11,2)) | L11: =IF(I11="Matched","No action - retain evidence",IF(I11="Missing at Broker","Contact broker and confirm trade",IF(I11="Missing Internally","Investigate missing internal record",IF(I11="Quantity Mismatch","Verify executed quantity",IF(I11="Price Mismatch","Verify execution price",IF(OR(I11="Duplicate Broker",I11="Duplicate Internal"),"Investigate duplicate record","Investigate break"))))))
A12: T1010 | B12: =IFERROR(XLOOKUP(A12,'Internal Trades'!$A$3:$A$20,'Internal Trades'!$B$3:$B$20),"") | C12: =IFERROR(XLOOKUP(A12,'Internal Trades'!$A$3:$A$20,'Internal Trades'!$D$3:$D$20),IFERROR(XLOOKUP(A12,'Broker Trades'!$A$3:$A$20,'Broker Trades'!$D$3:$D$20),"")) | D12: =IFERROR(XLOOKUP(A12,'Internal Trades'!$A$3:$A$20,'Internal Trades'!$F$3:$F$20),"") | E12: =IFERROR(XLOOKUP(A12,'Internal Trades'!$A$3:$A$20,'Internal Trades'!$G$3:$G$20),"") | F12: =IFERROR(XLOOKUP(A12,'Broker Trades'!$A$3:$A$20,'Broker Trades'!$B$3:$B$20),"") | G12: =IFERROR(XLOOKUP(A12,'Broker Trades'!$A$3:$A$20,'Broker Trades'!$F$3:$F$20),"") | H12: =IFERROR(XLOOKUP(A12,'Broker Trades'!$A$3:$A$20,'Broker Trades'!$G$3:$G$20),"") | I12: =IF(COUNTIF('Internal Trades'!$A$3:$A$20,A12)>1,"Duplicate Internal",IF(COUNTIF('Broker Trades'!$A$3:$A$20,A12)>1,"Duplicate Broker",IF(COUNTIF('Internal Trades'!$A$3:$A$20,A12)=0,"Missing Internally",IF(COUNTIF('Broker Trades'!$A$3:$A$20,A12)=0,"Missing at Broker",IF(D12<>G12,"Quantity Mismatch",IF(ABS(E12-H12)>0.01,"Price Mismatch","Matched")))))) | J12: =IF(OR(D12="",G12=""),"",D12-G12) | K12: =IF(OR(E12="",H12=""),"",ROUND(E12-H12,2)) | L12: =IF(I12="Matched","No action - retain evidence",IF(I12="Missing at Broker","Contact broker and confirm trade",IF(I12="Missing Internally","Investigate missing internal record",IF(I12="Quantity Mismatch","Verify executed quantity",IF(I12="Price Mismatch","Verify execution price",IF(OR(I12="Duplicate Broker",I12="Duplicate Internal"),"Investigate duplicate record","Investigate break"))))))
A13: T1011 | B13: =IFERROR(XLOOKUP(A13,'Internal Trades'!$A$3:$A$20,'Internal Trades'!$B$3:$B$20),"") | C13: =IFERROR(XLOOKUP(A13,'Internal Trades'!$A$3:$A$20,'Internal Trades'!$D$3:$D$20),IFERROR(XLOOKUP(A13,'Broker Trades'!$A$3:$A$20,'Broker Trades'!$D$3:$D$20),"")) | D13: =IFERROR(XLOOKUP(A13,'Internal Trades'!$A$3:$A$20,'Internal Trades'!$F$3:$F$20),"") | E13: =IFERROR(XLOOKUP(A13,'Internal Trades'!$A$3:$A$20,'Internal Trades'!$G$3:$G$20),"") | F13: =IFERROR(XLOOKUP(A13,'Broker Trades'!$A$3:$A$20,'Broker Trades'!$B$3:$B$20),"") | G13: =IFERROR(XLOOKUP(A13,'Broker Trades'!$A$3:$A$20,'Broker Trades'!$F$3:$F$20),"") | H13: =IFERROR(XLOOKUP(A13,'Broker Trades'!$A$3:$A$20,'Broker Trades'!$G$3:$G$20),"") | I13: =IF(COUNTIF('Internal Trades'!$A$3:$A$20,A13)>1,"Duplicate Internal",IF(COUNTIF('Broker Trades'!$A$3:$A$20,A13)>1,"Duplicate Broker",IF(COUNTIF('Internal Trades'!$A$3:$A$20,A13)=0,"Missing Internally",IF(COUNTIF('Broker Trades'!$A$3:$A$20,A13)=0,"Missing at Broker",IF(D13<>G13,"Quantity Mismatch",IF(ABS(E13-H13)>0.01,"Price Mismatch","Matched")))))) | J13: =IF(OR(D13="",G13=""),"",D13-G13) | K13: =IF(OR(E13="",H13=""),"",ROUND(E13-H13,2)) | L13: =IF(I13="Matched","No action - retain evidence",IF(I13="Missing at Broker","Contact broker and confirm trade",IF(I13="Missing Internally","Investigate missing internal record",IF(I13="Quantity Mismatch","Verify executed quantity",IF(I13="Price Mismatch","Verify execution price",IF(OR(I13="Duplicate Broker",I13="Duplicate Internal"),"Investigate duplicate record","Investigate break"))))))
A14: T1012 | B14: =IFERROR(XLOOKUP(A14,'Internal Trades'!$A$3:$A$20,'Internal Trades'!$B$3:$B$20),"") | C14: =IFERROR(XLOOKUP(A14,'Internal Trades'!$A$3:$A$20,'Internal Trades'!$D$3:$D$20),IFERROR(XLOOKUP(A14,'Broker Trades'!$A$3:$A$20,'Broker Trades'!$D$3:$D$20),"")) | D14: =IFERROR(XLOOKUP(A14,'Internal Trades'!$A$3:$A$20,'Internal Trades'!$F$3:$F$20),"") | E14: =IFERROR(XLOOKUP(A14,'Internal Trades'!$A$3:$A$20,'Internal Trades'!$G$3:$G$20),"") | F14: =IFERROR(XLOOKUP(A14,'Broker Trades'!$A$3:$A$20,'Broker Trades'!$B$3:$B$20),"") | G14: =IFERROR(XLOOKUP(A14,'Broker Trades'!$A$3:$A$20,'Broker Trades'!$F$3:$F$20),"") | H14: =IFERROR(XLOOKUP(A14,'Broker Trades'!$A$3:$A$20,'Broker Trades'!$G$3:$G$20),"") | I14: =IF(COUNTIF('Internal Trades'!$A$3:$A$20,A14)>1,"Duplicate Internal",IF(COUNTIF('Broker Trades'!$A$3:$A$20,A14)>1,"Duplicate Broker",IF(COUNTIF('Internal Trades'!$A$3:$A$20,A14)=0,"Missing Internally",IF(COUNTIF('Broker Trades'!$A$3:$A$20,A14)=0,"Missing at Broker",IF(D14<>G14,"Quantity Mismatch",IF(ABS(E14-H14)>0.01,"Price Mismatch","Matched")))))) | J14: =IF(OR(D14="",G14=""),"",D14-G14) | K14: =IF(OR(E14="",H14=""),"",ROUND(E14-H14,2)) | L14: =IF(I14="Matched","No action - retain evidence",IF(I14="Missing at Broker","Contact broker and confirm trade",IF(I14="Missing Internally","Investigate missing internal record",IF(I14="Quantity Mismatch","Verify executed quantity",IF(I14="Price Mismatch","Verify execution price",IF(OR(I14="Duplicate Broker",I14="Duplicate Internal"),"Investigate duplicate record","Investigate break"))))))
... A21: T1019 | B21: =IFERROR(XLOOKUP(A21,'Internal Trades'!$A$3:$A$20,'Internal Trades'!$B$3:$B$20),"") | C21: =IFERROR(XLOOKUP(A21,'Internal Trades'!$A$3:$A$20,'Internal Trades'!$D$3:$D$20),IFERROR(XLOOKUP(A21,'Broker Trades'!$A$3:$A$20,'Broker Trades'!$D$3:$D$20),"")) | D21: =IFERROR(XLOOKUP(A21,'Internal Trades'!$A$3:$A$20,'Internal Trades'!$F$3:$F$20),"") | E21: =IFERROR(XLOOKUP(A21,'Internal Trades'!$A$3:$A$20,'Internal Trades'!$G$3:$G$20),"") | F21: =IFERROR(XLOOKUP(A21,'Broker Trades'!$A$3:$A$20,'Broker Trades'!$B$3:$B$20),"") | G21: =IFERROR(XLOOKUP(A21,'Broker Trades'!$A$3:$A$20,'Broker Trades'!$F$3:$F$20),"") | H21: =IFERROR(XLOOKUP(A21,'Broker Trades'!$A$3:$A$20,'Broker Trades'!$G$3:$G$20),"") | I21: =IF(COUNTIF('Internal Trades'!$A$3:$A$20,A21)>1,"Duplicate Internal",IF(COUNTIF('Broker Trades'!$A$3:$A$20,A21)>1,"Duplicate Broker",IF(COUNTIF('Internal Trades'!$A$3:$A$20,A21)=0,"Missing Internally",IF(COUNTIF('Broker Trades'!$A$3:$A$20,A21)=0,"Missing at Broker",IF(D21<>G21,"Quantity Mismatch",IF(ABS(E21-H21)>0.01,"Price Mismatch","Matched")))))) | J21: =IF(OR(D21="",G21=""),"",D21-G21) | K21: =IF(OR(E21="",H21=""),"",ROUND(E21-H21,2)) | L21: =IF(I21="Matched","No action - retain evidence",IF(I21="Missing at Broker","Contact broker and confirm trade",IF(I21="Missing Internally","Investigate missing internal record",IF(I21="Quantity Mismatch","Verify executed quantity",IF(I21="Price Mismatch","Verify execution price",IF(OR(I21="Duplicate Broker",I21="Duplicate Internal"),"Investigate duplicate record","Investigate break"))))))

Sheet Break Summary
A1: BREAK SUMMARY & ACTION TRACKER
A2: Break Type | B2: Count | C2: What it means | D2: Recommended next action | E2: Owner / status
A3: Matched | B3: =COUNTIF(Reconciliation!$I$3:$I$21,A3) | C3: Both systems agree | D3: Retain evidence and close | E3: Not started
A4: Missing at Broker | B4: =COUNTIF(Reconciliation!$I$3:$I$21,A4) | C4: Internal has trade; broker does not | D4: Contact broker and confirm trade | E4: Not started
A5: Missing Internally | B5: =COUNTIF(Reconciliation!$I$3:$I$21,A5) | C5: Broker has trade; internal does not | D5: Investigate missing internal record | E5: Not started
A6: Quantity Mismatch | B6: =COUNTIF(Reconciliation!$I$3:$I$21,A6) | C6: Quantity differs | D6: Verify executed quantity and amendments | E6: Not started
A7: Price Mismatch | B7: =COUNTIF(Reconciliation!$I$3:$I$21,A7) | C7: Price differs | D7: Check execution price and tolerance | E7: Not started
A8: Duplicate Broker | B8: =COUNTIF(Reconciliation!$I$3:$I$21,A8) | C8: Broker source repeats Trade ID | D8: Investigate duplicate before correction | E8: Not started
A9: Duplicate Internal | B9: =COUNTIF(Reconciliation!$I$3:$I$21,A9) | C9: Internal source repeats Trade ID | D9: Investigate internal duplicate | E9: Not started
A12: Total records | B12: =COUNTA(Reconciliation!A3:A21)
A13: Open breaks | B13: =SUM(B4:B9)
A14: Match rate | B14: =IFERROR(B3/B12,0)

Sheet Practice
A1: PRACTICE LAB — TRY THESE YOURSELF
A2: Level | B2: Task | C2: Your answer / notes | D2: Check after trying
A3: 1 | B3: Explain trade reconciliation in your own words. | D3: Compare two sources and investigate differences.
A4: 1 | B4: What is a Trade ID and why is it important? | D4: It identifies a trade so records can be matched.
A5: 2 | B5: Use XLOOKUP to return the broker quantity for T1004. | D5: Should return 20.
A6: 2 | B6: Write an IF formula to flag different quantities. | D6: Example: =IF(D3<>G3,"Mismatch","Match")
A7: 2 | B7: Why use IFERROR around XLOOKUP? | D7: To handle a missing lookup result.
A8: 3 | B8: Find the break for T1013 and suggest an action. | D8: Missing at Broker; contact broker to confirm.
A9: 3 | B9: Find the issue with T1014. | D9: Duplicate Broker; investigate repeated record.
A10: 3 | B10: Why might a tiny price difference need a tolerance? | D10: Rounding or precision; follow approved business rules.
A11: 4 | B11: Create a PivotTable with Break Type in Rows and Trade ID counted in Values. | D11: Counts each classification.
A12: 4 | B12: Apply conditional formatting to Matched and break records. | D12: Use rules based on cell contents.
A13: 5 | B13: Give a 30-second explanation of this project. | D13: Mention matching, classification, summary, next actions.
A14: 5 | B14: What should happen before a break is closed? | D14: Verify evidence, document resolution, follow controls.
